"image_name","cellularity"
"bf1.tif","48.9939644004003"
"bf2.tif","71.901314752893"
"bf3.tif","72.1727953892849"
"bf4.tif","64.4298722270319"
"bf5.tif","34.5744543791389"
"bf6.tif","51.664380978793"
"bf7.tif","16.1464824362784"
