"image_name","cellularity"
"bf1.tif","48.9939644004003"
"bf2.tif","98.2545823777595"
"bf3.tif","99.2468292123839"
"bf4.tif","66.0397747855612"
"bf5.tif","34.2079156896596"
"bf6.tif","51.3030111894427"
"bf7.tif","14.600557020162"
