"image_name","cellularity"
"bf1.tif","52.7931788923887"
"bf2.tif","99.7391502249611"
"bf3.tif","100"
"bf4.tif","68.2026848082587"
"bf5.tif","40.0767218944059"
"bf6.tif","58.2559553301621"
"bf7.tif","18.6775928747415"
